Workbook

Sheet Summary
A1: Test Summary
A2: Sauce Demo functional testing - 27-Oct-2026
B4: Count
A5: Total test cases | B5: =COUNTA('Test Cases'!$B$5:$B$26)
A6: Pass | B6: =COUNTIF('Test Cases'!$I$5:$I$26,"Pass")
A7: Fail | B7: =COUNTIF('Test Cases'!$I$5:$I$26,"Fail")
A8: Not Run | B8: =COUNTIF('Test Cases'!$I$5:$I$26,"Not Run")
A9: Pass % | B9: =IF(B5=0,0,B6/B5)
A11: Scenario | B11: Test Cases | C11: Pass | D11: Fail
A12: TS01 - Login | B12: =COUNTIF('Test Cases'!$A$5:$A$26,"TS01") | C12: =COUNTIFS('Test Cases'!$A$5:$A$26,"TS01",'Test Cases'!$I$5:$I$26,"Pass") | D12: =COUNTIFS('Test Cases'!$A$5:$A$26,"TS01",'Test Cases'!$I$5:$I$26,"Fail")
A13: TS02 - Product Sorting | B13: =COUNTIF('Test Cases'!$A$5:$A$26,"TS02") | C13: =COUNTIFS('Test Cases'!$A$5:$A$26,"TS02",'Test Cases'!$I$5:$I$26,"Pass") | D13: =COUNTIFS('Test Cases'!$A$5:$A$26,"TS02",'Test Cases'!$I$5:$I$26,"Fail")
A14: TS03 - Cart | B14: =COUNTIF('Test Cases'!$A$5:$A$26,"TS03") | C14: =COUNTIFS('Test Cases'!$A$5:$A$26,"TS03",'Test Cases'!$I$5:$I$26,"Pass") | D14: =COUNTIFS('Test Cases'!$A$5:$A$26,"TS03",'Test Cases'!$I$5:$I$26,"Fail")
A15: TS04 - Checkout | B15: =COUNTIF('Test Cases'!$A$5:$A$26,"TS04") | C15: =COUNTIFS('Test Cases'!$A$5:$A$26,"TS04",'Test Cases'!$I$5:$I$26,"Pass") | D15: =COUNTIFS('Test Cases'!$A$5:$A$26,"TS04",'Test Cases'!$I$5:$I$26,"Fail")
A16: TS05 - Order Total | B16: =COUNTIF('Test Cases'!$A$5:$A$26,"TS05") | C16: =COUNTIFS('Test Cases'!$A$5:$A$26,"TS05",'Test Cases'!$I$5:$I$26,"Pass") | D16: =COUNTIFS('Test Cases'!$A$5:$A$26,"TS05",'Test Cases'!$I$5:$I$26,"Fail")
A17: TS06 - Session | B17: =COUNTIF('Test Cases'!$A$5:$A$26,"TS06") | C17: =COUNTIFS('Test Cases'!$A$5:$A$26,"TS06",'Test Cases'!$I$5:$I$26,"Pass") | D17: =COUNTIFS('Test Cases'!$A$5:$A$26,"TS06",'Test Cases'!$I$5:$I$26,"Fail")
A20: Bug found: DEF-01 - Sorting does not work for problem_user (see Test Cases, row TC06 problem_user).

Sheet Test Scenarios
A1: Sauce Demo - Test Scenarios
A3: Scenario ID | B3: Module | C3: Test Scenario | D3: No. of Test Cases | E3: Feature File
A4: TS01 | B4: Login | C4: Check login with valid, wrong, locked and empty details | D4: =COUNTIF('Test Cases'!$A$5:$A$26,A4) | E4: Authentication.feature
A5: TS02 | B5: Product Sorting | C5: Check products are sorted correctly by name and by price | D5: =COUNTIF('Test Cases'!$A$5:$A$26,A5) | E5: ProductSorting.feature
A6: TS03 | B6: Cart | C6: Check adding and removing products in the cart | D6: =COUNTIF('Test Cases'!$A$5:$A$26,A6) | E6: Cart.feature
A7: TS04 | B7: Checkout | C7: Check the checkout form, placing an order and cancelling | D7: =COUNTIF('Test Cases'!$A$5:$A$26,A7) | E7: Checkout.feature
A8: TS05 | B8: Order Total | C8: Check the order total is correct for different numbers of products | D8: =COUNTIF('Test Cases'!$A$5:$A$26,A8) | E8: OrderTotals.feature
A9: TS06 | B9: Session | C9: Check shop pages cannot be opened without logging in | D9: =COUNTIF('Test Cases'!$A$5:$A$26,A9) | E9: SessionSecurity.feature
C10: Total | D10: =SUM(D4:D9)

Sheet Test Cases
A1: Sauce Demo - Functional Test Cases
A2: Tested on 27-Oct-2026 in Chrome, Firefox and Safari (WebKit). Each row = one automation scenario with the same ID.
A4: Scenario ID | B4: Test Case ID | C4: Test Case | D4: Pre-condition | E4: Test Steps | F4: Test Data | G4: Expected Result | H4: Actual Result | I4: Status | J4: Bug ID | K4: Automation Scenario (feature file)
A5: TS01 | B5: TC01 | C5: Login with a valid user | D5: Login page is open | E5: 1. Open www.saucedemo.com 2. Enter username: standard_user 3. Enter password: secret_sauce 4. Click Login | F5: standard_user / secret_sauce | G5: Products page opens. Products are shown. No error. | H5: Products page opened with 6 products. No error. | I5: Pass | K5: TC01 Login-HappyPath - Standard user logs in and reaches the Products page
A6: TS01 | B6: TC02 | C6: Login with a locked user | D6: Login page is open | E6: 1. Enter username: locked_out_user 2. Enter password: secret_sauce 3. Click Login | F6: locked_out_user / secret_sauce | G6: Error: "Epic sadface: Sorry, this user has been locked out." User stays on the login page. | H6: Correct error shown. User stayed on the login page. | I6: Pass | K6: TC02 Login-LockedOut - Locked-out user sees the lock-out error and cannot log in
A7: TS01 | B7: TC03 | C7: Login with wrong details | D7: Login page is open | E7: 1. Enter the username 2. Enter the password 3. Click Login 4. Repeat for each data row | F7: Row 1: standard_user / not_the_demo_password Row 2: unknown_user / secret_sauce | G7: Error: "Epic sadface: Username and password do not match any user in this service" User stays on the login page. | H7: Same error shown for both rows. | I7: Pass | K7: TC03 Login-InvalidCredentials - Login is rejected for <case> (rows: wrong password, unknown username)
A8: TS01 | B8: TC04 | C8: Login with empty fields | D8: Login page is open | E8: 1. Leave the field(s) empty as per the data row 2. Click Login 3. Repeat for each data row | F8: Row 1: both empty Row 2: username empty Row 3: password empty | G8: Row 1 and 2: "Epic sadface: Username is required" Row 3: "Epic sadface: Password is required" | H8: Correct error shown for all 3 rows. | I8: Pass | K8: TC04 Login-RequiredFields - Required-field validation when <case> (rows: both fields empty, username empty, password empty)
A9: TS01 | B9: TC25 | C9: Login with the slow user | D9: Login page is open | E9: 1. Enter username: performance_glitch_user 2. Enter password: secret_sauce 3. Click Login | F9: performance_glitch_user / secret_sauce | G9: Products page opens (it may take a few seconds). | H9: Products page opened. | I9: Pass | K9: TC25 Login-PerformanceGlitch - performance_glitch_user can log in and reach the Products page
A10: TS02 | B10: TC05 | C10: Sort by Name (A to Z) | D10: User is logged in | E10: 1. Open www.saucedemo.com 2. Enter username: standard_user 3. Enter password: secret_sauce 4. Click Login 5. Select "Name (Z to A)" 6. Select "Name (A to Z)" 7. Check every product name from top to bottom | F10: 6 products | G10: All names are in A to Z order. | H10: All names were in A to Z order. | I10: Pass | K10: TC05 Sorting - "Name (A to Z)" orders the entire product list
A11: TS02 | B11: TC06 | C11: Sort by Price (low to high) | D11: User is logged in | E11: 1. Open www.saucedemo.com 2. Enter username: standard_user 3. Enter password: secret_sauce 4. Click Login 5. Select "Price (high to low)" 6. Select "Price (low to high)" 7. Check every price from top to bottom | F11: 6 products | G11: Prices go from low to high: $7.99, $9.99, $15.99, $15.99, $29.99, $49.99 | H11: Prices were: $7.99, $9.99, $15.99, $15.99, $29.99, $49.99 | I11: Pass | K11: TC06 Sorting - "Price (low to high)" orders the entire product list
A12: TS02 | B12: TC07 | C12: Sort by Price (high to low) | D12: User is logged in | E12: 1. Open www.saucedemo.com 2. Enter username: standard_user 3. Enter password: secret_sauce 4. Click Login 5. Select "Price (low to high)" 6. Select "Price (high to low)" 7. Check every price from top to bottom | F12: 6 products | G12: Prices go from high to low: $49.99, $29.99, $15.99, $15.99, $9.99, $7.99 | H12: Prices were: $49.99, $29.99, $15.99, $15.99, $9.99, $7.99 | I12: Pass | K12: TC07 Sorting - "Price (high to low)" orders the entire product list
A13: TS02 | B13: TC08 | C13: Sort by Name (Z to A) | D13: User is logged in | E13: 1. Open www.saucedemo.com 2. Enter username: standard_user 3. Enter password: secret_sauce 4. Click Login 5. Select "Name (Z to A)" 6. Check every product name from top to bottom | F13: 6 products | G13: All names are in Z to A order. | H13: All names were in Z to A order. | I13: Pass | K13: TC08 Sorting - "Name (Z to A)" orders the entire product list
A14: TS02 | B14: TC06 | C14: Sort by Price (low to high) as problem_user | D14: Login page is open | E14: 1. Log in as problem_user / secret_sauce 2. Select "Price (low to high)" 3. Check every price from top to bottom | F14: problem_user / secret_sauce | G14: Prices go from low to high. | H14: Order did not change: $29.99, $9.99, $15.99, $49.99, $7.99, $15.99 | I14: Fail | J14: DEF-01 | K14: TC06 Sorting-ProblemUser - "Price (low to high)" orders the entire product list for problem_user
A15: TS03 | B15: TC09 | C15: Add two products and remove one from the Products page | D15: User is logged in, cart is empty | E15: 1. Open www.saucedemo.com 2. Enter username: standard_user 3. Enter password: secret_sauce 4. Click Login 5. Click "Add to cart" on Sauce Labs Backpack 6. Click "Add to cart" on Sauce Labs Bike Light 7. Check the cart icon number 8. Click "Remove" on Sauce Labs Backpack 9. Check the cart icon number 10. Open the cart | F15: Sauce Labs Backpack, Sauce Labs Bike Light | G15: Cart number shows 2, then 1. Cart has only Sauce Labs Bike Light ($9.99). | H15: Cart number showed 2, then 1. Cart had only Sauce Labs Bike Light ($9.99). | I15: Pass | K15: TC09 Cart-Badge - Badge tracks adding two products and removing one from the Products page
A16: TS03 | B16: TC10 | C16: Remove products on the Cart page | D16: User is logged in, cart is empty | E16: 1. Open www.saucedemo.com 2. Enter username: standard_user 3. Enter password: secret_sauce 4. Click Login 5. Add Sauce Labs Bolt T-Shirt and Sauce Labs Onesie 6. Open the cart 7. Click "Remove" on Bolt T-Shirt 8. Click "Remove" on Onesie | F16: Sauce Labs Bolt T-Shirt, Sauce Labs Onesie | G16: After step 7: only Onesie is left, cart number 1. After step 8: cart is empty, no cart number. | H16: Worked as expected. | I16: Pass | K16: TC10 Cart-Remove - Removing products on the Cart page updates contents and badge
A17: TS03 | B17: TC11 | C17: Empty cart | D17: User has just logged in | E17: 1. Open www.saucedemo.com 2. Enter username: standard_user 3. Enter password: secret_sauce 4. Click Login 5. Check the cart icon 6. Open the cart 7. Click "Continue Shopping" | F17: - | G17: No cart number. Cart page is empty. Continue Shopping goes back to Products. | H17: Worked as expected. | I17: Pass | K17: TC11 Cart-Empty - A new session starts with an empty cart and Continue Shopping returns to Products
A18: TS04 | B18: TC12 | C18: Checkout without first name | D18: User is logged in, 1 product in cart | E18: 1. Open www.saucedemo.com 2. Enter username: standard_user 3. Enter password: secret_sauce 4. Click Login 5. Add Sauce Labs Onesie 6. Open the cart, click Checkout 7. Leave First Name empty 8. Enter Last Name and Zip 9. Click Continue | F18: First Name: (empty) Last Name: Customer Zip: 12345 | G18: Error: "Error: First Name is required" User stays on the same page. | H18: Correct error shown. | I18: Pass | K18: TC12 Checkout-Validation - Checkout is blocked with the first name error when first name is missing
A19: TS04 | B19: TC13 | C19: Checkout without last name | D19: User is logged in, 1 product in cart | E19: 1. Open www.saucedemo.com 2. Enter username: standard_user 3. Enter password: secret_sauce 4. Click Login 5. Add Sauce Labs Onesie 6. Open the cart, click Checkout 7. Enter First Name 8. Leave Last Name empty, enter Zip 9. Click Continue | F19: First Name: Test Last Name: (empty) Zip: 12345 | G19: Error: "Error: Last Name is required" User stays on the same page. | H19: Correct error shown. | I19: Pass | K19: TC13 Checkout-Validation - Checkout is blocked with the last name error when last name is missing
A20: TS04 | B20: TC14 | C20: Checkout without zip code | D20: User is logged in, 1 product in cart | E20: 1. Open www.saucedemo.com 2. Enter username: standard_user 3. Enter password: secret_sauce 4. Click Login 5. Add Sauce Labs Onesie 6. Open the cart, click Checkout 7. Enter First Name and Last Name 8. Leave Zip empty 9. Click Continue | F20: First Name: Test Last Name: Customer Zip: (empty) | G20: Error: "Error: Postal Code is required" User stays on the same page. | H20: Correct error shown. | I20: Pass | K20: TC14 Checkout-Validation - Checkout is blocked with the postal code error when postal code is missing
A21: TS04 | B21: TC15 | C21: Place an order with two products | D21: User is logged in, cart is empty | E21: 1. Open www.saucedemo.com 2. Enter username: standard_user 3. Enter password: secret_sauce 4. Click Login 5. Add Sauce Labs Backpack and Sauce Labs Bolt T-Shirt 6. Open the cart, click Checkout 7. Enter Test / Customer / 12345, click Continue 8. Check Item total, Tax and Total 9. Click Finish 10. Click Back Home and open the cart | F21: Backpack $29.99 Bolt T-Shirt $15.99 Test / Customer / 12345 | G21: Item total = $29.99 + $15.99 = $45.98 Total = Item total + Tax "Thank you for your order!" is shown Cart is empty after the order | H21: Item total was $45.98. Total = Item total + Tax. Order completed. Cart was empty. | I21: Pass | K21: TC15 Checkout-HappyPath - Completing checkout with two products charges item total plus tax and empties the cart
A22: TS04 | B22: TC17 | C22: Cancel on the "Your Information" page | D22: User is logged in, 1 product in cart | E22: 1. Open www.saucedemo.com 2. Enter username: standard_user 3. Enter password: secret_sauce 4. Click Login 5. Add Sauce Labs Fleece Jacket 6. Open the cart, click Checkout 7. Click Cancel | F22: Sauce Labs Fleece Jacket | G22: User goes back to the cart. Product is still in the cart. Cart number is 1. | H22: Worked as expected. | I22: Pass | K22: TC17 Checkout-Cancel - Cancelling from the information step returns to the cart without placing an order
A23: TS04 | B23: TC17 | C23: Cancel on the "Overview" page | D23: User is logged in, 2 products in cart | E23: 1. Open www.saucedemo.com 2. Enter username: standard_user 3. Enter password: secret_sauce 4. Click Login 5. Add Sauce Labs Backpack and Sauce Labs Onesie 6. Open the cart, click Checkout 7. Enter details, click Continue 8. Click Cancel | F23: Backpack, Onesie Test / Customer / 12345 | G23: No order is placed. User goes to Products. Cart number is 2. Both products still in the cart. | H23: Worked as expected. | I23: Pass | K23: TC17 Checkout-Cancel - Cancelling from the overview step leaves the order unplaced and the cart intact
A24: TS05 | B24: TC16 | C24: Order total for 1, 2 and 6 products | D24: User is logged in, cart is empty | E24: 1. Log in as standard_user 2. Add the products in the data row 3. Open the cart, click Checkout 4. Enter Test / Customer / 12345, click Continue 5. Check Item total, Tax and Total 6. Click Finish, then Back Home 7. Repeat for each data row | F24: Row 1: Onesie Row 2: Backpack + Bike Light Row 3: all 6 products | G24: Item total = sum of the prices Total = Item total + Tax Order completes, cart is empty | H24: Row 1: $7.99 + $0.64 = $8.63 Row 2: $39.98 + $3.20 = $43.18 Row 3: total matched | I24: Pass | K24: TC16 OrderTotal - Order total equals item total plus tax for <basket> (rows: one product, two products, all six products)
A25: TS06 | B25: TC22 | C25: Open Products page after logout | D25: User is logged in | E25: 1. Open www.saucedemo.com 2. Enter username: standard_user 3. Enter password: secret_sauce 4. Click Login 5. Open the menu, click Logout 6. Type www.saucedemo.com/inventory.html in the address bar | F25: - | G25: Login page is shown with: "Epic sadface: You can only access '/inventory.html' when you are logged in." | H25: Correct message shown. Products not visible. | I25: Pass | K25: TC22 Session-Logout - After logout, direct navigation to /inventory.html does not show the Products page
A26: TS06 | B26: TC24 | C26: Open shop pages without logging in | D26: User is not logged in | E26: 1. Type each page address in the address bar 2. Check what is shown 3. Repeat for each data row | F26: Row 1: /cart.html Row 2: /checkout-step-one.html Row 3: /checkout-step-two.html Row 4: /checkout-complete.html Row 5: /inventory-item.html?id=4 | G26: Login page is shown with: "You can only access '<page>' when you are logged in." | H26: Correct message shown for all 5 pages. | I26: Pass | K26: TC24 Session-DeepLink - Unauthenticated deep link to <path> shows the login page (rows: 5 pages)

Sheet Price Check
A1: Price Check - how the order total is worked out
A2: Put 1 in the yellow "In Cart" column for each product you add on the website. Then compare these numbers with the Checkout: Overview page.
A4: Product | B4: Price ($) | C4: In Cart (1 = yes) | D4: Amount ($)
A5: Sauce Labs Onesie | B5: 7.99 | C5: 0 | D5: =B5*C5
A6: Sauce Labs Bike Light | B6: 9.99 | C6: 1 | D6: =B6*C6
A7: Sauce Labs Bolt T-Shirt | B7: 15.99 | C7: 0 | D7: =B7*C7
A8: Test.allTheThings() T-Shirt (Red) | B8: 15.99 | C8: 0 | D8: =B8*C8
A9: Sauce Labs Backpack | B9: 29.99 | C9: 1 | D9: =B9*C9
A10: Sauce Labs Fleece Jacket | B10: 49.99 | C10: 0 | D10: =B10*C10
A12: Item total | B12: =SUM(D5:D10)
A13: Tax rate | B13: 0.08 | C13: Seen on the website ($7.99 gives $0.64 tax). The business did not give this number - confirm it.
A14: Tax | B14: =ROUND(B12*B13,2)
A15: Total | B15: =B12+B14
A17: How to check on the website:
A18: 1. Add the same products on www.saucedemo.com.
A19: 2. Go to Cart > Checkout > enter any name and zip > Continue.
A20: 3. The Overview page shows "Item total", "Tax" and "Total".
A21: 4. They should match B12, B14 and B15 on this sheet.
A22: Example already filled in: Backpack + Bike Light = $39.98, tax $3.20, total $43.18 (matches the website).
